"","pureBirth","bd","DDX","DDL","yule2rate","yule3rate","SPVAR","EXVAR"
"AkaikeWeight.4g",1.64227675947966e-156,2.00274243926631e-22,4.2465561020064e-25,0,1.08215661246052e-43,1,3.09607143830497e-26,7.34628755236928e-23
"AkaikeWeight.5g",0,0.731558954408372,3.65817685620279e-34,0,6.01511281799178e-206,5.27685564013424e-48,2.33117759239911e-11,0.268441045568316
